{"NASDAQ":  

 { 
"CYPH":{"last":1.24,"change":19.0,"volume":3377,"avg_volume":243619.0,"low":0.0,"low_percent":100.0
 },"PAVS":{"last":0.87,"change":17.100000381469727,"volume":324,"avg_volume":6143.0,"low":0.0,"low_percent":100.0
 },"BRR":{"last":8.49,"change":16.399999618530273,"volume":88,"avg_volume":4664.0,"low":0.0,"low_percent":100.0
 },"BMNG":{"last":4.53,"change":16.0,"volume":2518,"avg_volume":7876.0,"low":0.0,"low_percent":100.0
 },"SOLT":{"last":6.92,"change":15.699999809265137,"volume":9381,"avg_volume":95054.0,"low":0.0,"low_percent":100.0
 },"XRPT":{"last":6.21,"change":15.600000381469727,"volume":3152,"avg_volume":16918.0,"low":0.0,"low_percent":100.0
 },"ADTX":{"last":3.22,"change":15.300000190734863,"volume":1156,"avg_volume":15902.0,"low":0.0,"low_percent":100.0
 },"SPHL":{"last":0.3851,"change":15.100000381469727,"volume":504,"avg_volume":21630.0,"low":0.0,"low_percent":100.0
 },"KTTA":{"last":1.25,"change":15.0,"volume":4198,"avg_volume":66240.0,"low":0.0,"low_percent":100.0
 },"ONMD":{"last":1.58,"change":14.600000381469727,"volume":1175,"avg_volume":64920.0,"low":0.0,"low_percent":100.0
 },"MBAI":{"last":1.6,"change":14.399999618530273,"volume":471,"avg_volume":30382.0,"low":0.0,"low_percent":100.0
 },"LMFA":{"last":0.85,"change":14.199999809265137,"volume":515,"avg_volume":10818.0,"low":0.0,"low_percent":100.0
 },"MSTP":{"last":3.43,"change":12.899999618530273,"volume":253,"avg_volume":612.0,"low":0.0,"low_percent":100.0
 },"BNC":{"last":6.3,"change":12.5,"volume":92,"avg_volume":10058.0,"low":0.0,"low_percent":100.0
 },"MRAL":{"last":7.22,"change":12.399999618530273,"volume":656,"avg_volume":9583.0,"low":0.0,"low_percent":100.0
 },"JFIN":{"last":6.3,"change":11.600000381469727,"volume":231,"avg_volume":1439.0,"low":0.0,"low_percent":100.0
 },"PCVX":{"last":43.98,"change":11.300000190734863,"volume":226,"avg_volume":16957.0,"low":0.0,"low_percent":100.0
 },"MAXI":{"last":15.0,"change":11.0,"volume":51,"avg_volume":670.0,"low":0.0,"low_percent":100.0
 },"MSTX":{"last":4.93,"change":10.800000190734863,"volume":10214,"avg_volume":133468.0,"low":0.0,"low_percent":100.0
 },"CDT":{"last":1.82,"change":10.300000190734863,"volume":241,"avg_volume":2405.0,"low":0.0,"low_percent":100.0
 },"BITF":{"last":3.12,"change":10.300000190734863,"volume":10126,"avg_volume":965244.0,"low":0.0,"low_percent":100.0
 },"BEAT":{"last":0.6918,"change":10.199999809265137,"volume":5143,"avg_volume":20106.0,"low":0.0,"low_percent":100.0
 },"CONL":{"last":19.72,"change":10.199999809265137,"volume":2538,"avg_volume":61813.0,"low":0.0,"low_percent":100.0
 },"MST":{"last":1.949,"change":9.800000190734863,"volume":348,"avg_volume":8747.0,"low":0.0,"low_percent":100.0
 },"WAI":{"last":2.63,"change":9.600000381469727,"volume":105,"avg_volume":9357.0,"low":0.0,"low_percent":100.0
 },"LITS":{"last":1.71,"change":9.5,"volume":113,"avg_volume":10328.0,"low":0.0,"low_percent":100.0
 },"NXTT":{"last":7.7,"change":9.199999809265137,"volume":101,"avg_volume":1133.0,"low":0.0,"low_percent":100.0
 },"ALTS":{"last":1.71,"change":8.600000381469727,"volume":817,"avg_volume":76202.0,"low":0.0,"low_percent":100.0
 },"WULF":{"last":14.175,"change":8.600000381469727,"volume":3459,"avg_volume":430553.0,"low":0.0,"low_percent":100.0
 },"CLSK":{"last":13.8,"change":8.600000381469727,"volume":8266,"avg_volume":342859.0,"low":0.0,"low_percent":100.0
 },"ZOOZ":{"last":0.5396,"change":8.600000381469727,"volume":663,"avg_volume":18245.0,"low":0.0,"low_percent":100.0
 },"BIYA":{"last":0.2701,"change":8.5,"volume":1564,"avg_volume":85788.0,"low":0.0,"low_percent":100.0
 },"PMCB":{"last":0.7094,"change":8.300000190734863,"volume":194,"avg_volume":10316.0,"low":0.0,"low_percent":100.0
 },"CIFR":{"last":18.67,"change":8.300000190734863,"volume":7264,"avg_volume":522479.0,"low":0.0,"low_percent":100.0
 },"GRDX":{"last":2.75,"change":8.0,"volume":233,"avg_volume":2219.0,"low":0.0,"low_percent":100.0
 },"NBIG":{"last":8.15,"change":8.0,"volume":75,"avg_volume":3627.0,"low":0.0,"low_percent":100.0
 },"ASST":{"last":1.03,"change":8.0,"volume":12046,"avg_volume":968908.0,"low":0.0,"low_percent":100.0
 },"BTDR":{"last":12.35,"change":7.900000095367432,"volume":518,"avg_volume":81227.0,"low":0.0,"low_percent":100.0
 },"UPXI":{"last":2.58,"change":7.900000095367432,"volume":331,"avg_volume":52370.0,"low":0.0,"low_percent":100.0
 },"HUT":{"last":41.44,"change":7.900000095367432,"volume":490,"avg_volume":75321.0,"low":0.0,"low_percent":100.0
 },"SOLZ":{"last":12.99,"change":7.900000095367432,"volume":377,"avg_volume":16515.0,"low":0.0,"low_percent":100.0
 },"XRPC":{"last":21.4,"change":7.800000190734863,"volume":53,"avg_volume":8931.0,"low":0.0,"low_percent":100.0
 },"BAIG":{"last":12.61,"change":7.800000190734863,"volume":206,"avg_volume":7245.0,"low":0.0,"low_percent":100.0
 },"SBET":{"last":9.8,"change":7.699999809265137,"volume":1873,"avg_volume":157858.0,"low":0.0,"low_percent":100.0
 },"XRPI":{"last":11.71,"change":7.699999809265137,"volume":168,"avg_volume":6006.0,"low":0.0,"low_percent":100.0
 },"RVYL":{"last":0.342,"change":7.599999904632568,"volume":789,"avg_volume":112521.0,"low":0.0,"low_percent":100.0
 },"DFDV":{"last":7.03,"change":7.5,"volume":192,"avg_volume":19023.0,"low":0.0,"low_percent":100.0
 },"CAN":{"last":0.935,"change":7.400000095367432,"volume":3994,"avg_volume":533716.0,"low":0.0,"low_percent":100.0
 },"NBIL":{"last":11.45,"change":7.300000190734863,"volume":333,"avg_volume":9805.0,"low":0.0,"low_percent":100.0
 },"OKLL":{"last":28.49,"change":7.300000190734863,"volume":391,"avg_volume":23246.0,"low":0.0,"low_percent":100.0
 },"DEFT":{"last":1.41,"change":7.199999809265137,"volume":1191,"avg_volume":100169.0,"low":0.0,"low_percent":100.0
 },"GREE":{"last":1.45,"change":7.099999904632568,"volume":54,"avg_volume":11124.0,"low":0.0,"low_percent":100.0
 },"ETHA":{"last":21.32,"change":7.099999904632568,"volume":16061,"avg_volume":509425.0,"low":0.0,"low_percent":100.0
 },"GAME":{"last":0.5012,"change":6.900000095367432,"volume":162,"avg_volume":23124.0,"low":0.0,"low_percent":100.0
 },"QPUX":{"last":18.5,"change":6.900000095367432,"volume":59,"avg_volume":2228.0,"low":0.0,"low_percent":100.0
 },"BTBT":{"last":2.219,"change":6.800000190734863,"volume":1821,"avg_volume":367171.0,"low":0.0,"low_percent":100.0
 },"IREN":{"last":44.56,"change":6.800000190734863,"volume":5971,"avg_volume":414274.0,"low":0.0,"low_percent":100.0
 },"RIOT":{"last":15.05,"change":6.699999809265137,"volume":1386,"avg_volume":312182.0,"low":0.0,"low_percent":100.0
 },"CRCG":{"last":2.63,"change":6.699999809265137,"volume":5826,"avg_volume":38821.0,"low":0.0,"low_percent":100.0
 },"CETY":{"last":1.69,"change":6.599999904632568,"volume":605,"avg_volume":94368.0,"low":0.0,"low_percent":100.0
 },"AEHL":{"last":2.89,"change":6.5,"volume":342,"avg_volume":38862.0,"low":0.0,"low_percent":100.0
 },"HYPR":{"last":1.0,"change":6.5,"volume":77,"avg_volume":6585.0,"low":0.0,"low_percent":100.0
 },"BLMZ":{"last":0.945,"change":6.400000095367432,"volume":102,"avg_volume":4816.0,"low":0.0,"low_percent":100.0
 },"MARA":{"last":11.06,"change":6.400000095367432,"volume":4516,"avg_volume":560751.0,"low":0.0,"low_percent":100.0
 },"HIVE":{"last":3.155,"change":6.099999904632568,"volume":1666,"avg_volume":328716.0,"low":0.0,"low_percent":100.0
 },"IBIT":{"last":48.38,"change":6.099999904632568,"volume":15270,"avg_volume":606502.0,"low":0.0,"low_percent":100.0
 },"VRCA":{"last":8.56,"change":5.900000095367432,"volume":120,"avg_volume":3664.0,"low":0.0,"low_percent":100.0
 },"ETHZ":{"last":10.05,"change":5.900000095367432,"volume":80,"avg_volume":14119.0,"low":0.0,"low_percent":100.0
 },"RDTL":{"last":42.97,"change":5.900000095367432,"volume":69,"avg_volume":6427.0,"low":0.0,"low_percent":100.0
 },"SLNH":{"last":1.61,"change":5.800000190734863,"volume":412,"avg_volume":157187.0,"low":0.0,"low_percent":100.0
 },"SOFX":{"last":40.1,"change":5.800000190734863,"volume":123,"avg_volume":8674.0,"low":0.0,"low_percent":100.0
 },