{"NASDAQ":  

 { 
"SGMT":{"last":7.07,"change":22.5,"volume":8490,"avg_volume":10699.0,"low":7.02,"low_percent":23.0
 },"STI":{"last":2.47,"change":18.5,"volume":868,"avg_volume":1113.0,"low":2.25,"low_percent":25.700000762939453
 },"ETNB":{"last":8.0,"change":18.399999618530273,"volume":19527,"avg_volume":12823.0,"low":7.47,"low_percent":23.799999237060547
 },"NYXH":{"last":9.27,"change":15.699999809265137,"volume":198,"avg_volume":387.0,"low":9.03,"low_percent":17.899999618530273
 },"AKRO":{"last":17.25,"change":14.800000190734863,"volume":15207,"avg_volume":10030.0,"low":15.32,"low_percent":24.299999237060547
 },"DCFC":{"last":0.097,"change":14.199999809265137,"volume":92896,"avg_volume":31708.0,"low":0.0925,"low_percent":18.100000381469727
 },"LGST":{"last":4.6,"change":13.0,"volume":137,"avg_volume":745.0,"low":4.6,"low_percent":13.0
 },"AAGR":{"last":0.89,"change":10.800000190734863,"volume":396,"avg_volume":10436.0,"low":0.89,"low_percent":10.800000190734863
 },"KE":{"last":20.99,"change":10.600000381469727,"volume":666,"avg_volume":897.0,"low":20.42,"low_percent":13.100000381469727
 },"CAMP":{"last":3.3,"change":8.800000190734863,"volume":1573,"avg_volume":23812.0,"low":3.16,"low_percent":12.699999809265137
 },"TRIB":{"last":0.56,"change":8.0,"volume":532,"avg_volume":4736.0,"low":0.5594,"low_percent":8.100000381469727
 },"PRST":{"last":0.191,"change":7.599999904632568,"volume":1311,"avg_volume":3077.0,"low":0.19,"low_percent":8.100000381469727
 },"VIEW":{"last":1.35,"change":6.900000095367432,"volume":450,"avg_volume":20260.0,"low":1.3,"low_percent":10.300000190734863
 },"VIOT":{"last":0.7701,"change":6.199999809265137,"volume":333,"avg_volume":965.0,"low":0.75,"low_percent":8.600000381469727
 },"ECDA":{"last":0.901,"change":6.099999904632568,"volume":203,"avg_volume":2997.0,"low":0.8911,"low_percent":7.199999809265137
 },"FATE":{"last":5.97,"change":6.099999904632568,"volume":6052,"avg_volume":24015.0,"low":5.9,"low_percent":7.199999809265137
 },"CRGE":{"last":0.1351,"change":5.900000095367432,"volume":23034,"avg_volume":169338.0,"low":0.1326,"low_percent":7.599999904632568
 },"FFIC":{"last":14.26,"change":5.400000095367432,"volume":871,"avg_volume":1086.0,"low":14.26,"low_percent":5.400000095367432
 },"IVAC":{"last":3.82,"change":4.699999809265137,"volume":1004,"avg_volume":636.0,"low":3.56,"low_percent":11.199999809265137
 },"PBM":{"last":1.3586,"change":4.5,"volume":184,"avg_volume":860.0,"low":1.33,"low_percent":6.599999904632568
 },"SGMO":{"last":0.5349,"change":4.5,"volume":11491,"avg_volume":16422.0,"low":0.52,"low_percent":7.099999904632568
 },"LUNR":{"last":3.5,"change":4.400000095367432,"volume":12267,"avg_volume":10220.0,"low":3.46,"low_percent":5.5
 },"XGN":{"last":1.95,"change":4.400000095367432,"volume":141,"avg_volume":617.0,"low":1.921,"low_percent":5.800000190734863
 },"EGRX":{"last":5.36,"change":4.300000190734863,"volume":1063,"avg_volume":2882.0,"low":5.36,"low_percent":4.300000190734863
 },"ALCE":{"last":0.9299,"change":4.199999809265137,"volume":140,"avg_volume":2704.0,"low":0.92,"low_percent":5.300000190734863
 },"ELTX":{"last":4.3,"change":3.200000047683716,"volume":471,"avg_volume":990.0,"low":4.2,"low_percent":5.400000095367432
 },"ZVSA":{"last":0.5999,"change":1.7000000476837158,"volume":530,"avg_volume":12652.0,"low":0.55,"low_percent":9.800000190734863
 }},"NYSEAMEX":  

 { 
"TPET":{"last":0.1417,"change":34.099998474121094,"volume":27053,"avg_volume":17446.0,"low":0.1347,"low_percent":37.29999923706055
 },"HIX.RT":{"last":0.0151,"change":31.700000762939453,"volume":4209,"avg_volume":15154.0,"low":0.0132,"low_percent":40.29999923706055
 },"DDC":{"last":2.28,"change":17.100000381469727,"volume":940,"avg_volume":2841.0,"low":2.28,"low_percent":17.100000381469727
 },"NBY":{"last":0.1377,"change":8.199999809265137,"volume":16439,"avg_volume":23762.0,"low":0.1355,"low_percent":9.699999809265137
 },"AZTR":{"last":0.8901,"change":7.300000190734863,"volume":225,"avg_volume":342.0,"low":0.8901,"low_percent":7.300000190734863
 },"AULT":{"last":0.3849,"change":6.400000095367432,"volume":2504,"avg_volume":15163.0,"low":0.381,"low_percent":7.300000190734863
 },"MPU":{"last":3.11,"change":6.300000190734863,"volume":1132,"avg_volume":4585.0,"low":3.07,"low_percent":7.5
 },"UAMY":{"last":0.2252,"change":4.5,"volume":324,"avg_volume":1815.0,"low":0.2252,"low_percent":4.5
 },"THM":{"last":0.6,"change":4.300000190734863,"volume":113,"avg_volume":1427.0,"low":0.59,"low_percent":5.900000095367432
 },"EFSH":{"last":1.25,"change":3.799999952316284,"volume":118,"avg_volume":2171.0,"low":1.22,"low_percent":6.199999809265137
 },"HUSA":{"last":1.465,"change":3.0,"volume":768,"avg_volume":1310.0,"low":1.45,"low_percent":4.0
 },"GORO":{"last":0.2446,"change":2.0999999046325684,"volume":354,"avg_volume":6296.0,"low":0.2421,"low_percent":3.0999999046325684
 },"CATX":{"last":0.845,"change":1.7999999523162842,"volume":1298,"avg_volume":14182.0,"low":0.8242,"low_percent":4.199999809265137
 },"UAVS":{"last":0.069,"change":1.7999999523162842,"volume":5898,"avg_volume":35259.0,"low":0.0681,"low_percent":3.0999999046325684
 },"WWR":{"last":0.5501,"change":1.7999999523162842,"volume":829,"avg_volume":2199.0,"low":0.55,"low_percent":1.7999999523162842
 },"ASXC":{"last":0.2552,"change":1.7999999523162842,"volume":2078,"avg_volume":14130.0,"low":0.2552,"low_percent":1.7999999523162842
 },"KIQ":{"last":0.1636,"change":1.7000000476837158,"volume":309,"avg_volume":4472.0,"low":0.15,"low_percent":9.899999618530273
 },"APT":{"last":4.98,"change":1.399999976158142,"volume":299,"avg_volume":600.0,"low":4.81,"low_percent":4.800000190734863
 },"DXF":{"last":0.3319,"change":0.6000000238418579,"volume":583,"avg_volume":2245.0,"low":0.31,"low_percent":6.099999904632568
 }},"PINK":  

 { 
"RGUS":{"last":0.0019,"change":68.30000305175781,"volume":650,"avg_volume":0.0,"low":0.0019,"low_percent":68.30000305175781
 },"CTTH":{"last":0.01,"change":66.5999984741211,"volume":399,"avg_volume":421.0,"low":0.01,"low_percent":66.5999984741211
 },"JKSM":{"last":0.0103,"change":62.29999923706055,"volume":626,"avg_volume":772.0,"low":0.0103,"low_percent":62.29999923706055
 },"SKYI":{"last":0.0025,"change":40.5,"volume":1303,"avg_volume":626.0,"low":0.0025,"low_percent":40.5
 },"FMBV":{"last":0.007,"change":40.20000076293945,"volume":400,"avg_volume":260.0,"low":0.007,"low_percent":40.20000076293945
 },"AFFU":{"last":0.0082,"change":36.400001525878906,"volume":1460,"avg_volume":4135.0,"low":0.0082,"low_percent":36.400001525878906
 },"ECGS":{"last":0.12,"change":33.0,"volume":155,"avg_volume":192.0,"low":0.12,"low_percent":33.0
 },"MSBN":{"last":0.017,"change":31.700000762939453,"volume":132,"avg_volume":122.0,"low":0.017,"low_percent":31.700000762939453
 },"ULTHF":{"last":0.2,"change":28.600000381469727,"volume":116,"avg_volume":148.0,"low":0.2,"low_percent":28.600000381469727
 },"KHRNF":{"last":0.009,"change":28.0,"volume":3099,"avg_volume":1703.0,"low":0.009,"low_percent":28.0
 },"SDCCQ":{"last":0.0027,"change":27.0,"volume":3118,"avg_volume":21899.0,"low":0.0025,"low_percent":32.400001525878906
 },"SMOFF":{"last":0.0283,"change":26.299999237060547,"volume":545,"avg_volume":527.0,"low":0.0283,"low_percent":26.299999237060547
 },"MOBO":{"last":0.0031,"change":26.200000762939453,"volume":300,"avg_volume":0.0,"low":0.0031,"low_percent":26.200000762939453
 },"NLPXF":{"last":0.0422,"change":26.0,"volume":1653,"avg_volume":768.0,"low":0.0403,"low_percent":29.299999237060547
 },"CPPMF":{"last":0.015,"change":25.0,"volume":203,"avg_volume":500.0,"low":0.015,"low_percent":25.0
 },"NNRI":{"last":0.0045,"change":23.700000762939453,"volume":100,"avg_volume":0.0,"low":0.0045,"low_percent":23.700000762939453
 },"IPIX":{"last":0.0055,"change":21.399999618530273,"volume":3516,"avg_volume":7932.0,"low":0.0053,"low_percent":24.299999237060547
 },"IGPK":{"last":0.0102,"change":20.899999618530273,"volume":578342,"avg_volume":313305.0,"low":0.0097,"low_percent":24.799999237060547
 },