{"NASDAQ":  

 { 
"THH":{"last":17.0,"change":46.900001525878906,"volume":10490,"avg_volume":1934.0,"low":17.0,"low_percent":46.900001525878906
 },"MTVA":{"last":3.26,"change":39.900001525878906,"volume":10335,"avg_volume":2068.0,"low":3.0,"low_percent":44.599998474121094
 },"AGEN":{"last":3.665,"change":21.700000762939453,"volume":17684,"avg_volume":5879.0,"low":3.61,"low_percent":22.899999618530273
 },"DEVS":{"last":1.09,"change":19.899999618530273,"volume":7373,"avg_volume":3496.0,"low":1.0401,"low_percent":23.5
 },"VCIG":{"last":0.8701,"change":17.100000381469727,"volume":12479,"avg_volume":45823.0,"low":0.81,"low_percent":22.899999618530273
 },"CUE":{"last":0.2859,"change":16.200000762939453,"volume":5360,"avg_volume":8721.0,"low":0.2859,"low_percent":16.200000762939453
 },"ATON":{"last":0.77,"change":16.0,"volume":29365,"avg_volume":50190.0,"low":0.7344,"low_percent":19.899999618530273
 },"AFJK":{"last":47.6,"change":15.899999618530273,"volume":106,"avg_volume":2421.0,"low":45.01,"low_percent":20.5
 },"RBNE":{"last":3.16,"change":15.699999809265137,"volume":3181,"avg_volume":3688.0,"low":3.15,"low_percent":16.0
 },"SDOT":{"last":2.75,"change":14.899999618530273,"volume":651,"avg_volume":4142.0,"low":2.75,"low_percent":14.899999618530273
 },"PBM":{"last":0.662,"change":14.899999618530273,"volume":2650,"avg_volume":13974.0,"low":0.65,"low_percent":16.5
 },"DGNX":{"last":2.27,"change":14.699999809265137,"volume":18044,"avg_volume":10346.0,"low":2.21,"low_percent":16.899999618530273
 },"GV":{"last":1.3601,"change":14.5,"volume":3589,"avg_volume":1147.0,"low":1.25,"low_percent":21.399999618530273
 },"GELS":{"last":1.0,"change":13.800000190734863,"volume":9462,"avg_volume":19701.0,"low":0.9501,"low_percent":18.100000381469727
 },"DRCT":{"last":1.68,"change":13.399999618530273,"volume":1981,"avg_volume":8190.0,"low":1.66,"low_percent":14.399999618530273
 },"WYFI":{"last":18.14,"change":13.0,"volume":9350,"avg_volume":11018.0,"low":18.1,"low_percent":13.199999809265137
 },"EDBL":{"last":0.6511,"change":12.800000190734863,"volume":2821,"avg_volume":10124.0,"low":0.63,"low_percent":15.600000381469727
 },"FBYD":{"last":7.53,"change":12.399999618530273,"volume":617,"avg_volume":1266.0,"low":7.29,"low_percent":15.199999809265137
 },"AZI":{"last":3.17,"change":12.399999618530273,"volume":3671,"avg_volume":128410.0,"low":3.11,"low_percent":14.100000381469727
 },"VMAR":{"last":4.81,"change":12.199999809265137,"volume":784,"avg_volume":2655.0,"low":4.6,"low_percent":16.100000381469727
 },"FEED":{"last":1.5,"change":11.800000190734863,"volume":4312,"avg_volume":5104.0,"low":1.47,"low_percent":13.5
 },"NITO":{"last":1.4633,"change":11.800000190734863,"volume":16750,"avg_volume":1197.0,"low":1.4,"low_percent":15.699999809265137
 },"OKYO":{"last":2.5,"change":11.699999809265137,"volume":1092,"avg_volume":1577.0,"low":2.45,"low_percent":13.399999618530273
 },"AKAN":{"last":1.43,"change":11.699999809265137,"volume":2507,"avg_volume":16964.0,"low":1.31,"low_percent":19.100000381469727
 },"IOTR":{"last":2.6,"change":11.600000381469727,"volume":635,"avg_volume":6684.0,"low":2.44,"low_percent":17.0
 },"HUBC":{"last":0.3108,"change":11.100000381469727,"volume":17477,"avg_volume":22806.0,"low":0.3104,"low_percent":11.199999809265137
 },"LFS":{"last":2.65,"change":10.800000190734863,"volume":221,"avg_volume":16182.0,"low":2.63,"low_percent":11.399999618530273
 },"INBS":{"last":13.925,"change":10.699999809265137,"volume":1865,"avg_volume":71638.0,"low":13.55,"low_percent":13.100000381469727
 },"RGC":{"last":31.39,"change":10.699999809265137,"volume":1656,"avg_volume":4020.0,"low":31.0,"low_percent":11.899999618530273
 },"ZBIO":{"last":20.25,"change":10.199999809265137,"volume":3362,"avg_volume":6789.0,"low":19.9,"low_percent":11.800000190734863
 },"HSDT":{"last":3.15,"change":9.699999809265137,"volume":1125,"avg_volume":7536.0,"low":3.135,"low_percent":10.199999809265137
 },"COYA":{"last":4.19,"change":9.699999809265137,"volume":2668,"avg_volume":2437.0,"low":4.11,"low_percent":11.399999618530273
 },"ELIL":{"last":25.3,"change":9.699999809265137,"volume":1079,"avg_volume":1202.0,"low":24.87,"low_percent":11.300000190734863
 },"DFDV":{"last":7.3469,"change":9.600000381469727,"volume":7519,"avg_volume":17512.0,"low":7.27,"low_percent":10.600000381469727
 },"BEEM":{"last":1.69,"change":9.600000381469727,"volume":21309,"avg_volume":13010.0,"low":1.58,"low_percent":15.5
 },"TIRX":{"last":0.465,"change":9.399999618530273,"volume":52,"avg_volume":1082.0,"low":0.4257,"low_percent":17.100000381469727
 },"IONX":{"last":24.75,"change":9.300000190734863,"volume":12832,"avg_volume":15718.0,"low":24.73,"low_percent":9.399999618530273
 },"PROP":{"last":1.825,"change":9.199999809265137,"volume":7031,"avg_volume":14412.0,"low":1.81,"low_percent":10.0
 },"IONL":{"last":37.7,"change":9.199999809265137,"volume":1518,"avg_volume":2993.0,"low":37.7,"low_percent":9.199999809265137
 },"TENX":{"last":16.6,"change":9.100000381469727,"volume":2758,"avg_volume":1786.0,"low":15.93,"low_percent":12.800000190734863
 },"MSTP":{"last":3.39,"change":9.100000381469727,"volume":2748,"avg_volume":2086.0,"low":3.39,"low_percent":9.100000381469727
 },"PYXS":{"last":1.815,"change":8.800000190734863,"volume":4337,"avg_volume":12904.0,"low":1.8001,"low_percent":9.5
 },"BGL":{"last":2.38,"change":8.800000190734863,"volume":958,"avg_volume":1981.0,"low":2.35,"low_percent":10.0
 },"TJGC":{"last":1.315,"change":8.699999809265137,"volume":986,"avg_volume":1498.0,"low":1.1228,"low_percent":22.0
 },"MSTX":{"last":4.75,"change":8.699999809265137,"volume":210086,"avg_volume":321790.0,"low":4.7,"low_percent":9.600000381469727
 },"CONL":{"last":16.92,"change":8.300000190734863,"volume":41313,"avg_volume":60509.0,"low":16.88,"low_percent":8.5
 },"CLPS":{"last":0.87,"change":8.300000190734863,"volume":144,"avg_volume":928.0,"low":0.87,"low_percent":8.300000190734863
 },"CRCG":{"last":2.6789,"change":8.300000190734863,"volume":32504,"avg_volume":68197.0,"low":2.62,"low_percent":10.300000190734863
 },"AVO":{"last":11.65,"change":8.300000190734863,"volume":18572,"avg_volume":4097.0,"low":10.37,"low_percent":18.299999237060547
 },"COIG":{"last":16.7,"change":8.199999809265137,"volume":198,"avg_volume":671.0,"low":16.68,"low_percent":8.399999618530273
 },"BNAI":{"last":5.3301,"change":8.100000381469727,"volume":15014,"avg_volume":150628.0,"low":4.77,"low_percent":17.799999237060547
 },"TXXD":{"last":18.0,"change":8.0,"volume":75,"avg_volume":262.0,"low":18.0,"low_percent":8.0
 },"CIFG":{"last":11.91,"change":8.0,"volume":255,"avg_volume":486.0,"low":11.58,"low_percent":10.600000381469727
 },"BMEA":{"last":1.49,"change":8.0,"volume":11260,"avg_volume":14587.0,"low":1.44,"low_percent":11.100000381469727
 },"ONDG":{"last":14.66,"change":7.599999904632568,"volume":484,"avg_volume":1600.0,"low":14.43,"low_percent":9.0
 },"LVRO":{"last":0.97,"change":7.599999904632568,"volume":524,"avg_volume":21314.0,"low":0.95,"low_percent":9.5
 },"STKE":{"last":2.2941,"change":7.5,"volume":1094,"avg_volume":3980.0,"low":2.2605,"low_percent":8.899999618530273
 },"BMNG":{"last":4.08,"change":7.300000190734863,"volume":37425,"avg_volume":39874.0,"low":4.03,"low_percent":8.399999618530273
 },"MST":{"last":6.94,"change":7.199999809265137,"volume":1619,"avg_volume":4079.0,"low":6.94,"low_percent":7.199999809265137
 },"OMER":{"last":12.15,"change":7.099999904632568,"volume":9147,"avg_volume":26679.0,"low":12.1201,"low_percent":7.300000190734863
 },"CTNM":{"last":10.95,"change":6.900000095367432,"volume":219,"avg_volume":2064.0,"low":10.9,"low_percent":7.300000190734863
 },"IREG":{"last":28.49,"change":6.900000095367432,"volume":110,"avg_volume":314.0,"low":28.01,"low_percent":8.5
 },"SOLT":{"last":8.32,"change":6.900000095367432,"volume":32675,"avg_volume":106153.0,"low":8.25,"low_percent":7.699999809265137
 },"LCDL":{"last":3.15,"change":6.800000190734863,"volume":1425,"avg_volume":2286.0,"low":3.11,"low_percent":8.0
 },"DSGN":{"last":9.14,